{"mpetkov":2606.6134157311135,"apa":7747.186636886753,"mroote":5712.844859227373,"calvin":3163.055193547445,"ramanan":1386.5088749321567,"ken":1460.9193244692283,"rashid":38,"jhaine":121.34062331150506,"kchan":5812.911329342489,"pooya":11418.709049693221,"shawn":1639.6701683293354,"harry":11840.900349754944,"amir":2570.3706153515222,"houssam":117.78013169342915,"simon":59.926462660131456,"leta":4299.777383340578,"isabel":1116.074888662667,"pde":2997.8718383895207,"jiantomasi":4702.654645471227,"revangelista":4054.359805917451,"ajung":590.1089844925099,"sbalakrishnan":944.2398883907525,"jliu":4046.486291136517,"aji":204.53093906236825,"aeldamaty":231.53860963086603,"jphilip":109.00514905832082,"ehsiang":45.25898586128287,"mathawale":30}